Model,MSE,RMSE,MAE
GARCH,0.00028,0.016744,0.013859
LSTM,0.000204,0.014273,0.010749
Attention_LSTM,0.000262,0.016173,0.014378
