Model,MSE,RMSE,MAE
GARCH,0.000313,0.017699,0.012721
LSTM,0.000397,0.019924,0.011491
Attention_LSTM,0.000294,0.017144,0.012721
