Model,MSE,RMSE,MAE
GARCH,0.0002303900937173916,0.015178606448465274,0.012073848733128435
LSTM,0.02553479849510946,0.1597961153943032,0.15810804202869025
Attention_LSTM,0.006838775406353621,0.0826968887344235,0.07850579249976716
