Model,MSE,RMSE,MAE
GARCH,0.00022206545807564902,0.0149018608930445,0.011582254305421088
LSTM,0.018370937406918145,0.1355394311885591,0.13245936531758268
Attention_LSTM,0.0015841403050917493,0.03980126009427025,0.025627576482027396
